the_geom,Region,Zone,LongCode,WeredaCode,district,lat,lng
"MULTIPOLYGON (((40.371410369873104 8.710178375244197, 40.3682212829591 8.705389022827148, 40.36489105224621 8.7003688812257, 40.34362792968756 8.681159019470158, 40.3366584777832 8.664888381958008, 40.324848175048885 8.646338462829647, 40.31374740600586 8.632598876953125, 40.30934906005865 8.62503910064703, 40.29955291748047 8.611634254455566, 40.285789489746094 8.604679107666016, 40.271240234375114 8.589798927307243, 40.26131439208996 8.58259391784668, 40.2472305297851 8.570118904113713, 40.22807693481445 8.55937862396246, 40.222229003906364 8.556058883666992, 40.210308074951286 8.54931926727295, 40.19049835205084 8.550039291381893, 40.182468414306754 8.559009552002067, 40.18572998046881 8.574599266052246, 40.18690872192383 8.585618972778377, 40.188579559326115 8.604199409484977, 40.17686843872076 8.618679046630973, 40.155918121338004 8.624909400940055, 40.12550735473633 8.626809120178336, 40.093246459960994 8.6284694671632, 40.062137603759766 8.628299713134766, 40.04509735107422 8.634529113769531, 40.03567886352539 8.647169113159293, 40.03238677978521 8.655029296875114, 40.02673721313482 8.668529510498047, 40.02517700195324 8.688039779663086, 40.03443908691406 8.70385932922369, 40.05130767822277 8.72012901306158, 40.06841659545893 8.738689422607365, 40.0774879455567 8.765748977661133, 40.08287811279297 8.798099517822322, 40.0891685485841 8.818738937377987, 40.09499740600586 8.840759277343807, 40.09619903564453 8.857278823852482, 40.09449768066406 8.862165451049805, 40.10503005981457 8.876998901367244, 40.120540618896484 8.895778656005916, 40.14091110229492 8.918909072875977, 40.152248382568416 8.931959152221623, 40.16169357299799 8.948583602905273, 40.17533874511719 8.940618515014705, 40.18523788452154 8.935539245605526, 40.19326019287104 8.921758651733455, 40.19966125488287 8.904528617858944, 40.212730407714844 8.884758949279785, 40.22880935668957 8.867279052734432, 40.23564910888672 8.844549179077262, 40.24982833862305 8.831183433532772, 40.26993942260748 8.830228805542049, 40.29272079467768 8.8173189163208, 40.31170654296869 8.823019027710075, 40.3189697265625 8.832768440246582, 40.32321929931646 8.838798522949219, 40.33779907226574 8.856878280639648, 40.34524154663086 8.87382888793951, 40.35020828247076 8.887642860412598, 40.35871887207037 8.879503250122127, 40.3651695251466 8.8726224899292, 40.371620178222656 8.864022254943904, 40.3711891174317 8.848541259765682, 40.371620178222656 8.836501121521053, 40.36861038208019 8.827900886535701, 40.37548828125006 8.803389549255485, 40.37462997436529 8.796509742736873, 40.37333679199219 8.78661918640131, 40.37405395507824 8.769796371460075, 40.36991882324219 8.754718780517521, 40.37559890747076 8.733598709106502, 40.37553787231445 8.716398239135856, 40.371410369873104 8.710178375244197)))",Oromiya,West Hararge,40906,6,Anchar,9.0594,40.8698
"MULTIPOLYGON (((41.149082183838004 8.099371910095329, 41.14546203613281 8.10860729217535, 41.13379287719732 8.118026733398494, 41.09831237792969 8.143787384033146, 41.07150268554693 8.15944671630865, 41.047920227050895 8.178537368774471, 41.019542694091854 8.204277038574276, 40.991840362548885 8.227726936340446, 40.95381164550787 8.253957748413086, 40.92168045043951 8.264827728271541, 40.88953018188471 8.270877838134766, 40.858741760253906 8.274407386779785, 40.83948135375982 8.28500747680664, 40.81658172607416 8.309817314148006, 40.793701171875 8.339218139648438, 40.778282165527344 8.35655689239502, 40.76713943481445 8.369088172912654, 40.74333953857416 8.397578239440975, 40.716999053955135 8.427217483520508, 40.69915008544922 8.45087814331049, 40.67943954467779 8.471338272094783, 40.64363098144531 8.49206829071045, 40.63035202026367 8.510217666625977, 40.61732101440441 8.533408164978027, 40.61024093627941 8.546957969665527, 40.595729827880916 8.561878204345646, 40.598228454589844 8.567277908325252, 40.59452056884777 8.590787887573242, 40.58678054809582 8.613508224487362, 40.576511383056754 8.6353178024292, 40.571769714355526 8.659407615661735, 40.572570800781364 8.687148094177246, 40.58094024658209 8.707978248596191, 40.60222244262701 8.730378150940055, 40.62142181396496 8.75025749206543, 40.63465118408203 8.774968147277775, 40.64278030395508 8.791667938232536, 40.65870666503906 8.800667762756348, 40.68813323974615 8.806237220764217, 40.68772125244146 8.800217628479118, 40.69620132446295 8.792157173156738, 40.70354080200207 8.78548717498785, 40.71939086914068 8.778317451477108, 40.737541198730526 8.769087791442814, 40.746891021728516 8.751407623291072, 40.75026321411144 8.731907844543457, 40.756660461425895 8.722947120666618, 40.77777099609381 8.708427429199332, 40.803230285644474 8.690227508545036, 40.82180023193365 8.675957679748592, 40.84502029418951 8.670597076415959, 40.87423324584972 8.668646812438965, 40.896762847900504 8.666497230529899, 40.923622131347656 8.654936790466365, 40.9412727355957 8.64157676696783, 40.965553283691406 8.620177268981934, 40.98589324951183 8.594206809997559, 41.00231170654308 8.56734657287609, 41.01692199707037 8.544157028198356, 41.03656387329113 8.518197059631348, 41.05369186401373 8.495686531067008, 41.067401885986385 8.477537155151424, 41.08707046508795 8.458907127380485, 41.110931396484375 8.449887275695858, 41.14033126831066 8.446326255798454, 41.165843963623104 8.447366714477653, 41.203281402588004 8.445837020874023, 41.230842590332145 8.442506790161133, 41.24529266357433 8.438326835632324, 41.25881195068365 8.438546180725211, 41.25901412963867 8.426366806030273, 41.26555252075201 8.403216361999512, 41.27532196044922 8.38349628448492, 41.29710769653332 8.361579895019531, 41.31166076660162 8.347856521606445, 41.32174301147455 8.344156265258903, 41.33896255493164 8.343396186828613, 41.36030197143555 8.341695785522461, 41.38297271728521 8.329015731811637, 41.406501770019645 8.306936264038086, 41.414672851562614 8.290426254272518, 41.4237632751466 8.271856307983398, 41.44110107421875 8.252336502075195, 41.45634460449219 8.22687625885004, 41.468181610107536 8.208975791931152, 41.4839324951173 8.19266605377203, 41.50654220581066 8.173356056213379, 41.532802581787166 8.149445533752385, 41.5524139404298 8.126945495605469, 41.56765365600586 8.102636337280217, 41.57006454467785 8.081126213073787, 41.5672225952149 8.06490612030035, 41.56463241577154 8.050275802612362, 41.5631942749024 8.03724575042719, 41.563133239746094 8.026266098022518, 41.56308364868164 8.01551628112793, 41.563034057617244 8.006146430969238, 41.54853439331055 7.987716197967643, 41.54658889770519 7.979846000671444, 41.54075241088867 7.972705841064396, 41.533870697021484 7.964325904846248, 41.524467468261776 7.956430912017822, 41.51893234252941 7.9718360900879475, 41.51854324340832 7.977786064148063, 41.53024291992193 8.005355834960994, 41.53210067749035 8.010846138000602, 41.5306510925293 8.042415618896541, 41.527141571045036 8.07353591918951, 41.520393371581974 8.100325584411735, 41.502834320068416 8.120296478271598, 41.47352218627941 8.13231563568121, 41.451930999755916 8.127145767211857, 41.42713165283203 8.122675895690975, 41.394832611083984 8.133096694946289, 41.36778259277355 8.13846683502203, 41.326972961425895 8.146866798400936, 41.29783248901373 8.147436141967887, 41.277790069580135 8.140932083129883, 41.25254058837902 8.132037162780819, 41.21924209594732 8.129186630249023, 41.1928329467774 8.125617027282715, 41.16728973388683 8.112426757812443, 41.149082183838004 8.099371910095329)))",Oromiya,West Hararge,40910,10,Boke,9.3268,41.1677
"MULTIPOLYGON (((41.00793838500988 9.117410659790153, 40.996582031250114 9.108486175537223, 40.98396682739258 9.103755950927678, 40.96504592895519 9.084835052490348, 40.931148529052734 9.05172348022461, 40.92483901977539 9.037532806396598, 40.909862518310604 9.024919509887809, 40.898036956787166 9.028072357177734, 40.88621139526373 9.024919509887809, 40.86729049682623 9.009152412414664, 40.847579956054744 8.986289024353141, 40.84127807617193 8.971734046936035, 40.806221008300895 8.968626976013184, 40.78312301635742 8.954747200012264, 40.757743835449276 8.945466995239258, 40.73973083496094 8.93659782409668, 40.72126007080078 8.9265975952149, 40.703811645507926 8.937897682190055, 40.693733215332145 8.95008754730236, 40.66596221923828 8.971287727355957, 40.64347076416021 8.989027976989746, 40.626979827880916 9.008347511291504, 40.622673034668026 9.023267745971793, 40.61040115356451 9.05862808227539, 40.62727355957037 9.06772708892828, 40.647613525390625 9.079327583313102, 40.66220092773443 9.092787742614746, 40.67953109741205 9.102107048034725, 40.696613311767635 9.106157302856559, 40.7200927734375 9.102617263793945, 40.73401260375982 9.119967460632324, 40.75183105468756 9.133637428283635, 40.768341064453125 9.11911678314209, 40.77860260009777 9.098907470703068, 40.79709243774414 9.109127044677734, 40.80595397949219 9.128796577453613, 40.817790985107536 9.1438570022583, 40.83605194091797 9.153846740722656, 40.856842041015625 9.162906646728516, 40.87121200561535 9.177267074584961, 40.88677215576166 9.19826698303234, 40.903682708740234 9.212606430053768, 40.908794403076115 9.216396331787166, 40.927364349365234 9.204926490783805, 40.9392929077149 9.195926666259766, 40.95365524291992 9.172026634216365, 40.963462829589844 9.156856536865234, 40.97786331176758 9.138906478881779, 40.98894119262695 9.130948066711483, 41.00793838500988 9.117410659790153)))",Oromiya,West Hararge,40913,13,Chiro Zuria,9.1342,40.8731
"MULTIPOLYGON (((40.35238265991222 8.323201179504451, 40.337318420410156 8.343519210815543, 40.32679748535156 8.369688987731877, 40.324577331543026 8.399289131164608, 40.32210922241211 8.423378944396973, 40.322597503662166 8.431408882141227, 40.324020385742244 8.44722843170166, 40.32522964477545 8.466729164123592, 40.326198577880916 8.485528945922965, 40.32811737060547 8.510068893432617, 40.32518768310558 8.53255844116211, 40.31879806518566 8.552528381347713, 40.31840896606451 8.574098587036133, 40.315498352050895 8.603239059448299, 40.29955291748047 8.611634254455566, 40.30934906005865 8.62503910064703, 40.31374740600586 8.632598876953125, 40.324848175048885 8.646338462829647, 40.3366584777832 8.664888381958008, 40.34362792968756 8.681159019470158, 40.36489105224621 8.7003688812257, 40.3682212829591 8.705389022827148, 40.371410369873104 8.710178375244197, 40.390190124511776 8.689288139343262, 40.39455032348644 8.68583869934082, 40.403270721435604 8.67709827423107, 40.41102981567383 8.656898498535213, 40.4167594909668 8.64999866485607, 40.43328857421881 8.632758140563965, 40.454429626464844 8.620548248291072, 40.4845809936524 8.616558074951229, 40.51425933837885 8.61188793182373, 40.54000091552746 8.598288536071834, 40.56686019897461 8.578718185424748, 40.59212875366222 8.56557846069336, 40.595729827880916 8.561878204345646, 40.61024093627941 8.546957969665527, 40.61732101440441 8.533408164978027, 40.63035202026367 8.510217666625977, 40.64363098144531 8.49206829071045, 40.67943954467779 8.471338272094783, 40.69915008544922 8.45087814331049, 40.716999053955135 8.427217483520508, 40.74333953857416 8.397578239440975, 40.76713943481445 8.369088172912654, 40.778282165527344 8.35655689239502, 40.75839233398449 8.355296134948674, 40.747776031494254 8.35593032836914, 40.73715209960943 8.355389595031738, 40.72418212890631 8.35838508605957, 40.71000671386719 8.354920387268066, 40.70524978637707 8.346714019775504, 40.698158264160156 8.344393730163688, 40.69047927856451 8.34266376495367, 40.68454742431652 8.335637092590389, 40.673919677734375 8.333331108093375, 40.662670135498104 8.324563980102482, 40.6473274230957 8.324627876281681, 40.63434600830084 8.324681282043457, 40.60778045654297 8.321264266967773, 40.59656906127924 8.320721626281795, 40.58834457397472 8.330157279968262, 40.57062149047846 8.324938774109, 40.55111312866222 8.31561279296875, 40.5304412841798 8.310991287231559, 40.52216339111334 8.306908607482967, 40.50914001464844 8.295204162597656, 40.51095199584961 8.306364059448242, 40.51100921630871 8.321056365966797, 40.50098419189459 8.323445320129508, 40.49809646606457 8.339324951171932, 40.488117218017635 8.353467941284123, 40.47040176391607 8.35059642791748, 40.446186065673885 8.344807624817008, 40.430206298828125 8.332523345947322, 40.424911499023494 8.337244987487793, 40.413158416748104 8.35021686553955, 40.40260314941412 8.369650840759391, 40.39732742309576 8.379660606384277, 40.38909149169933 8.387331008911133, 40.382003784179744 8.385592460632438, 40.379604339599666 8.374433517455998, 40.374832153320256 8.360343933105582, 40.367115020751896 8.347440719604549, 40.36177444458002 8.339230537414608, 40.35760498046881 8.328077316284293, 40.35238265991222 8.323201179504451)))",Oromiya,West Hararge,40909,9,Daro Lebu,9.4076,41.2648
"MULTIPOLYGON (((41.26589202880871 9.32612323760992, 41.25659561157232 9.320915222167912, 41.250873565673885 9.317395210266227, 41.24033355712902 9.3106050491333, 41.229583740234375 9.30289554595953, 41.217014312744254 9.292635917663574, 41.20531845092779 9.286165237426815, 41.19500350952154 9.280865669250545, 41.17957305908203 9.276986122131404, 41.16319656372082 9.275156021118278, 41.147983551025334 9.27242565155035, 41.137485504150334 9.263795852661133, 41.134883880615234 9.250905990600586, 41.129245758056754 9.241656303405762, 41.11952590942394 9.242666244506779, 41.11046600341808 9.245985984802246, 41.10341262817383 9.238315582275447, 41.09591674804693 9.22902870178217, 41.09171295166021 9.215886116027946, 41.09116363525396 9.20578575134283, 41.09457397460943 9.193446159362793, 41.09429550170904 9.180585861206112, 41.087505340576286 9.170625686645621, 41.07390213012701 9.168596267700195, 41.062564849853516 9.170276641845817, 41.05121231079107 9.171946525573787, 41.04061508178711 9.170196533203239, 41.03217315673828 9.162726402282829, 41.02214431762695 9.153406143188533, 41.014625549316406 9.1461763381958, 41.0036239624024 9.14074611663824, 40.99466323852539 9.136716842651424, 40.98894119262695 9.130948066711483, 40.97786331176758 9.138906478881779, 40.963462829589844 9.156856536865234, 40.95365524291992 9.172026634216365, 40.9392929077149 9.195926666259766, 40.927364349365234 9.204926490783805, 40.908794403076115 9.216396331787166, 40.92058181762707 9.225116729736328, 40.9437141418457 9.240106582641602, 40.964824676513786 9.2615261077882, 40.970012664795036 9.280966758728084, 40.974334716796875 9.307056427002067, 40.97354507446295 9.326526641845817, 40.97777557373047 9.339325904846248, 40.97634124755865 9.351964950561467, 40.99608612060547 9.354105949401912, 41.01407623291021 9.357206344604549, 41.030082702636776 9.372455596923942, 41.05648422241211 9.391065597534123, 41.08354568481445 9.40441608428955, 41.114715576171875 9.414055824279785, 41.14544677734375 9.424625396728516, 41.17045593261719 9.441405296325797, 41.19480514526373 9.462295532226562, 41.21157073974621 9.48099327087408, 41.21680450439453 9.476795196533317, 41.22147369384777 9.45502567291254, 41.228145599365234 9.423845291137752, 41.232826232910156 9.402065277099553, 41.245746612548885 9.374515533447322, 41.25936508178705 9.348555564880314, 41.26589202880871 9.32612323760992)))",Oromiya,West Hararge,40902,2,Doba,9.1016,40.8344
"MULTIPOLYGON (((41.18522262573242 8.716826438903752, 41.17943191528332 8.711036682128963, 41.15388488769537 8.70612621307373, 41.130401611328125 8.701886177063102, 41.10120391845703 8.701566696166992, 41.07824325561529 8.708776473999137, 41.05415344238287 8.719186782836857, 41.02267074584955 8.726656913757267, 40.984291076660156 8.733926773071289, 40.952331542968864 8.736356735229549, 40.915992736816406 8.739956855773983, 40.89211273193354 8.749676704406795, 40.883930206298885 8.770787239074707, 40.87670135498047 8.796016693115291, 40.86325073242199 8.822417259216365, 40.859703063964844 8.846957206726188, 40.86351394653326 8.872596740722713, 40.866371154785156 8.890457153320312, 40.864643096923885 8.912226676941032, 40.857173919677734 8.935626983642635, 40.849933624267635 8.959946632385254, 40.84127807617193 8.971734046936035, 40.847579956054744 8.986289024353141, 40.86729049682623 9.009152412414664, 40.88621139526373 9.024919509887809, 40.898036956787166 9.028072357177734, 40.909862518310604 9.024919509887809, 40.92483901977539 9.037532806396598, 40.931148529052734 9.05172348022461, 40.96504592895519 9.084835052490348, 40.98396682739258 9.103755950927678, 40.996582031250114 9.108486175537223, 41.00793838500988 9.117410659790153, 41.02092361450207 9.099976539611873, 41.023063659668026 9.07408618927002, 41.033294677734375 9.052956581115666, 41.05560302734375 9.049406051635856, 41.08855056762701 9.035604476928768, 41.088851928710994 9.0286159515382, 41.08223342895508 9.000946044921932, 41.07725524902355 8.977386474609489, 41.07613372802746 8.943496704101562, 41.075473785400504 8.90983676910406, 41.080791473388786 8.875696182251033, 41.09282302856457 8.847006797790584, 41.114723205566406 8.81507682800293, 41.13620376586914 8.79184627532959, 41.17127227783209 8.770606040954704, 41.17847061157238 8.76530456542963, 41.174571990966854 8.74517631530773, 41.17881393432623 8.723176002502385, 41.18522262573242 8.716826438903752)))",Oromiya,West Hararge,40912,12,Gemechis,9.0793,40.7971
"MULTIPOLYGON (((40.68564605712896 8.87621974945074, 40.68006134033203 8.886427879333496, 40.668361663818416 8.89655780792242, 40.64302062988281 8.894357681274414, 40.614669799804744 8.890347480773869, 40.584239959716854 8.886787414550895, 40.554931640625 8.874748229980582, 40.5274391174317 8.856038093566895, 40.496730804443416 8.83940792083746, 40.47549057006836 8.82869815826416, 40.450592041015625 8.825338363647404, 40.428691864013786 8.821278572082633, 40.413597106933594 8.807796478271484, 40.40946197509771 8.795428276062069, 40.393058776855526 8.781488418579158, 40.38475799560541 8.77638053894043, 40.37405395507824 8.769796371460075, 40.37333679199219 8.78661918640131, 40.37462997436529 8.796509742736873, 40.37548828125006 8.803389549255485, 40.36861038208019 8.827900886535701, 40.371620178222656 8.836501121521053, 40.3711891174317 8.848541259765682, 40.371620178222656 8.864022254943904, 40.3651695251466 8.8726224899292, 40.35871887207037 8.879503250122127, 40.35020828247076 8.887642860412598, 40.35340118408209 8.896518707275447, 40.368461608886776 8.918258666992301, 40.389289855957145 8.938148498535156, 40.40737915039068 8.965838432311955, 40.42451095581066 8.982518196105957, 40.44804000854492 8.987028121948356, 40.47362136840826 8.986477851867619, 40.49370193481457 8.993277549743652, 40.509201049804744 9.00468826293951, 40.52260971069336 9.014957427978572, 40.53812026977545 9.028647422790641, 40.55036163330078 9.034108161926326, 40.56904983520519 9.038618087768555, 40.584770202636776 9.0486478805542, 40.59982299804693 9.06164741516119, 40.61040115356451 9.05862808227539, 40.622673034668026 9.023267745971793, 40.626979827880916 9.008347511291504, 40.64347076416021 8.989027976989746, 40.66596221923828 8.971287727355957, 40.693733215332145 8.95008754730236, 40.703811645507926 8.937897682190055, 40.72126007080078 8.9265975952149, 40.71041488647472 8.900742530822697, 40.71210098266613 8.891337394714412, 40.70906066894531 8.882407188415527, 40.694301605224666 8.8783473968507, 40.68564605712896 8.87621974945074)))",Oromiya,West Hararge,40907,7,Goba Koricha,9.2795,40.9093
"MULTIPOLYGON (((40.68813323974615 8.806237220764217, 40.65870666503906 8.800667762756348, 40.64278030395508 8.791667938232536, 40.63465118408203 8.774968147277775, 40.62142181396496 8.75025749206543, 40.60222244262701 8.730378150940055, 40.58094024658209 8.707978248596191, 40.572570800781364 8.687148094177246, 40.571769714355526 8.659407615661735, 40.576511383056754 8.6353178024292, 40.58678054809582 8.613508224487362, 40.59452056884777 8.590787887573242, 40.598228454589844 8.567277908325252, 40.595729827880916 8.561878204345646, 40.59212875366222 8.56557846069336, 40.56686019897461 8.578718185424748, 40.54000091552746 8.598288536071834, 40.51425933837885 8.61188793182373, 40.4845809936524 8.616558074951229, 40.454429626464844 8.620548248291072, 40.43328857421881 8.632758140563965, 40.4167594909668 8.64999866485607, 40.41102981567383 8.656898498535213, 40.403270721435604 8.67709827423107, 40.39455032348644 8.68583869934082, 40.390190124511776 8.689288139343262, 40.371410369873104 8.710178375244197, 40.37553787231445 8.716398239135856, 40.37559890747076 8.733598709106502, 40.36991882324219 8.754718780517521, 40.37405395507824 8.769796371460075, 40.38475799560541 8.77638053894043, 40.393058776855526 8.781488418579158, 40.40946197509771 8.795428276062069, 40.413597106933594 8.807796478271484, 40.428691864013786 8.821278572082633, 40.450592041015625 8.825338363647404, 40.47549057006836 8.82869815826416, 40.496730804443416 8.83940792083746, 40.5274391174317 8.856038093566895, 40.554931640625 8.874748229980582, 40.584239959716854 8.886787414550895, 40.614669799804744 8.890347480773869, 40.64302062988281 8.894357681274414, 40.668361663818416 8.89655780792242, 40.68006134033203 8.886427879333496, 40.68564605712896 8.87621974945074, 40.684322357177734 8.860507965087947, 40.694641113281364 8.85152721405035, 40.69478225708019 8.834107398986873, 40.688713073730526 8.8148775100708, 40.68813323974615 8.806237220764217)))",Oromiya,West Hararge,40908,8,Habro,8.9829,40.8712
"MULTIPOLYGON (((41.149082183838004 8.099371910095329, 41.127452850341854 8.08256721496582, 41.10419082641607 8.0652370452882, 41.086242675781364 8.054297447204647, 41.07057189941412 8.037167549133414, 41.05305099487305 8.018446922302303, 41.03533172607433 8.006357192993221, 41.02310943603527 7.993797302246094, 41.017822265625 7.989457607269344, 40.982036590576115 7.971607685089168, 40.972171783447266 7.9633574485779945, 40.96038055419933 7.958207607269401, 40.93746948242199 7.955614089965877, 40.92906951904308 7.954427719116325, 40.905368804931584 7.953077793121338, 40.877098083496094 7.954757690429744, 40.85417938232422 7.954367637634334, 40.835918426513786 7.954057693481502, 40.80741119384777 7.954587936401481, 40.76567840576172 7.946547985077018, 40.75297927856445 7.9418683052064125, 40.72922897338873 7.9161982536317055, 40.71630096435547 7.889728069305477, 40.70277023315441 7.893768310546932, 40.679290771484375 7.893088340759277, 40.64333724975586 7.886808395385799, 40.614749908447266 7.880898475646916, 40.58923721313482 7.878213405609188, 40.562526702880916 7.88187837600708, 40.537567138671875 7.894508838653508, 40.50554656982422 7.913178920745963, 40.47783660888666 7.927208900451774, 40.46139907836914 7.939988613128662, 40.456512451171875 7.946118831634635, 40.44844818115246 7.956408977508545, 40.4398078918457 7.96658897399908, 40.44530868530268 7.997258663177433, 40.44463729858404 8.003909111023063, 40.43660736083996 8.014008522033805, 40.42373657226568 8.01769924163824, 40.40765762329107 8.020929336547852, 40.396198272705135 8.04134845733654, 40.39993667602539 8.069329261779728, 40.39353942871094 8.08814907073986, 40.384731292724666 8.098337173462028, 40.37909698486328 8.112938880920467, 40.37937927246105 8.132888793945312, 40.389549255371094 8.156498908996639, 40.40317916870117 8.180559158325138, 40.40506744384771 8.202118873596191, 40.40100860595703 8.231708526611442, 40.39369964599621 8.254888534545898, 40.38293838500971 8.276008605957088, 40.36690902709972 8.305158615112418, 40.35238265991222 8.323201179504451, 40.35760498046881 8.328077316284293, 40.36177444458002 8.339230537414608, 40.367115020751896 8.347440719604549, 40.374832153320256 8.360343933105582, 40.379604339599666 8.374433517455998, 40.382003784179744 8.385592460632438, 40.38909149169933 8.387331008911133, 40.39732742309576 8.379660606384277, 40.40260314941412 8.369650840759391, 40.413158416748104 8.35021686553955, 40.424911499023494 8.337244987487793, 40.430206298828125 8.332523345947322, 40.446186065673885 8.344807624817008, 40.47040176391607 8.35059642791748, 40.488117218017635 8.353467941284123, 40.49809646606457 8.339324951171932, 40.50098419189459 8.323445320129508, 40.51100921630871 8.321056365966797, 40.51095199584961 8.306364059448242, 40.50914001464844 8.295204162597656, 40.52216339111334 8.306908607482967, 40.5304412841798 8.310991287231559, 40.55111312866222 8.31561279296875, 40.57062149047846 8.324938774109, 40.58834457397472 8.330157279968262, 40.59656906127924 8.320721626281795, 40.60778045654297 8.321264266967773, 40.63434600830084 8.324681282043457, 40.6473274230957 8.324627876281681, 40.662670135498104 8.324563980102482, 40.673919677734375 8.333331108093375, 40.68454742431652 8.335637092590389, 40.69047927856451 8.34266376495367, 40.698158264160156 8.344393730163688, 40.70524978637707 8.346714019775504, 40.71000671386719 8.354920387268066, 40.72418212890631 8.35838508605957, 40.73715209960943 8.355389595031738, 40.747776031494254 8.35593032836914, 40.75839233398449 8.355296134948674, 40.778282165527344 8.35655689239502, 40.793701171875 8.339218139648438, 40.81658172607416 8.309817314148006, 40.83948135375982 8.28500747680664, 40.858741760253906 8.274407386779785, 40.88953018188471 8.270877838134766, 40.92168045043951 8.264827728271541, 40.95381164550787 8.253957748413086, 40.991840362548885 8.227726936340446, 41.019542694091854 8.204277038574276, 41.047920227050895 8.178537368774471, 41.07150268554693 8.15944671630865, 41.09831237792969 8.143787384033146, 41.13379287719732 8.118026733398494, 41.14546203613281 8.10860729217535, 41.149082183838004 8.099371910095329)))",Oromiya,West Hararge,40915,15,Hawi Gudina,9.3879,41.0151
"MULTIPOLYGON (((41.272071838378906 8.505825996398869, 41.26786422729498 8.493616104125977, 41.26243209838867 8.465946197509709, 41.258663177490234 8.447656631469727, 41.25881195068365 8.438546180725211, 41.24529266357433 8.438326835632324, 41.230842590332145 8.442506790161133, 41.203281402588004 8.445837020874023, 41.165843963623104 8.447366714477653, 41.14033126831066 8.446326255798454, 41.110931396484375 8.449887275695858, 41.08707046508795 8.458907127380485, 41.067401885986385 8.477537155151424, 41.05369186401373 8.495686531067008, 41.03656387329113 8.518197059631348, 41.01692199707037 8.544157028198356, 41.00231170654308 8.56734657287609, 40.98589324951183 8.594206809997559, 40.965553283691406 8.620177268981934, 40.9412727355957 8.64157676696783, 40.923622131347656 8.654936790466365, 40.896762847900504 8.666497230529899, 40.87423324584972 8.668646812438965, 40.84502029418951 8.670597076415959, 40.82180023193365 8.675957679748592, 40.803230285644474 8.690227508545036, 40.77777099609381 8.708427429199332, 40.756660461425895 8.722947120666618, 40.75026321411144 8.731907844543457, 40.746891021728516 8.751407623291072, 40.737541198730526 8.769087791442814, 40.71939086914068 8.778317451477108, 40.70354080200207 8.78548717498785, 40.69620132446295 8.792157173156738, 40.68772125244146 8.800217628479118, 40.68813323974615 8.806237220764217, 40.688713073730526 8.8148775100708, 40.69478225708019 8.834107398986873, 40.694641113281364 8.85152721405035, 40.684322357177734 8.860507965087947, 40.68564605712896 8.87621974945074, 40.694301605224666 8.8783473968507, 40.70906066894531 8.882407188415527, 40.71210098266613 8.891337394714412, 40.71041488647472 8.900742530822697, 40.72126007080078 8.9265975952149, 40.73973083496094 8.93659782409668, 40.757743835449276 8.945466995239258, 40.78312301635742 8.954747200012264, 40.806221008300895 8.968626976013184, 40.84127807617193 8.971734046936035, 40.849933624267635 8.959946632385254, 40.857173919677734 8.935626983642635, 40.864643096923885 8.912226676941032, 40.866371154785156 8.890457153320312, 40.86351394653326 8.872596740722713, 40.859703063964844 8.846957206726188, 40.86325073242199 8.822417259216365, 40.87670135498047 8.796016693115291, 40.883930206298885 8.770787239074707, 40.89211273193354 8.749676704406795, 40.915992736816406 8.739956855773983, 40.952331542968864 8.736356735229549, 40.984291076660156 8.733926773071289, 41.02267074584955 8.726656913757267, 41.05415344238287 8.719186782836857, 41.07824325561529 8.708776473999137, 41.10120391845703 8.701566696166992, 41.130401611328125 8.701886177063102, 41.15388488769537 8.70612621307373, 41.17943191528332 8.711036682128963, 41.18522262573242 8.716826438903752, 41.19367218017578 8.708456039428711, 41.22024154663097 8.690926551818961, 41.24128341674805 8.671366691589355, 41.255432128906364 8.654816627502498, 41.26405334472656 8.63416576385498, 41.26619338989269 8.607146263122672, 41.2662467956543 8.596046447753963, 41.265754699706974 8.569616317749023, 41.26886367797863 8.550375938415527, 41.27382278442394 8.532046318054256, 41.274631500244084 8.513266563415641, 41.272071838378906 8.505825996398869)))",Oromiya,West Hararge,40911,11,Kuni,9.2565,41.0212
"MULTIPOLYGON (((41.17847061157238 8.76530456542963, 41.17127227783209 8.770606040954704, 41.13620376586914 8.79184627532959, 41.114723205566406 8.81507682800293, 41.09282302856457 8.847006797790584, 41.080791473388786 8.875696182251033, 41.075473785400504 8.90983676910406, 41.07613372802746 8.943496704101562, 41.07725524902355 8.977386474609489, 41.08223342895508 9.000946044921932, 41.088851928710994 9.0286159515382, 41.08855056762701 9.035604476928768, 41.09344482421881 9.062935829162598, 41.108333587646484 9.087125778198299, 41.12642288208002 9.107855796813965, 41.149345397949276 9.12741565704357, 41.16968536376953 9.139665603637752, 41.1893043518067 9.147556304931697, 41.20315551757824 9.153656005859375, 41.214683532714844 9.156565666198674, 41.22229385375982 9.158115386962834, 41.250423431396484 9.165205955505485, 41.25312423706055 9.155865669250431, 41.27782440185547 9.133285522460938, 41.29792404174805 9.112565994262752, 41.31249618530279 9.089815139770508, 41.311634063720646 9.064645767211914, 41.30799484252941 9.038575172424373, 41.3059539794923 9.008376121521053, 41.29863357543957 8.981415748596305, 41.28975296020508 8.960865974426326, 41.28347778320324 8.950150489807072, 41.27371597290039 8.93532562255865, 41.26021575927746 8.909316062927246, 41.25136566162115 8.892656326294002, 41.23466491699213 8.870085716247615, 41.22122192382818 8.854355812072868, 41.20981216430664 8.832446098327694, 41.19838333129883 8.805946350097656, 41.18604278564453 8.780376434326229, 41.17847061157238 8.76530456542963)))",Oromiya,West Hararge,40904,4,Mesela,9.215,41.0031
"MULTIPOLYGON (((40.16169357299799 8.948583602905273, 40.16989135742193 8.964498519897518, 40.174400329589844 8.96701908111578, 40.18745803833008 8.97431850433344, 40.202045440673885 8.979503631591854, 40.22232818603521 8.987749099731388, 40.23780822753912 8.997338294982967, 40.242259979248104 9.013158798217887, 40.246028900146484 9.03540897369379, 40.24427032470709 9.055598258972225, 40.245498657226676 9.074868202209586, 40.254310607910156 9.086078643798828, 40.271438598632926 9.101398468017635, 40.30060958862305 9.128138542175407, 40.32702255249035 9.154658317565861, 40.349540710449276 9.18714809417736, 40.369529724121094 9.218268394470158, 40.39231109619146 9.255107879638729, 40.408123016357365 9.281188011169547, 40.42576980590826 9.304277420044002, 40.44967269897472 9.329627990722713, 40.47102355957031 9.354757308960018, 40.49882125854498 9.375047683715877, 40.528411865234375 9.385457992553768, 40.56626129150396 9.387797355651855, 40.605960845947266 9.391047477722168, 40.63597106933594 9.395947456359977, 40.659553527832145 9.404307365417594, 40.67554473876959 9.417516708374137, 40.68382263183588 9.43074703216547, 40.68889236450195 9.43835735321045, 40.693561553955135 9.444382667541504, 40.69856262207031 9.44764709472662, 40.70709228515619 9.446227073669434, 40.71953201293957 9.443877220153922, 40.74860382080084 9.444867134094238, 40.783222198486385 9.44788646697998, 40.81576538085949 9.452736854553166, 40.84236526489269 9.46358680725109, 40.8621826171875 9.463016510009822, 40.88999557495123 9.448646545410213, 40.917522430420036 9.421835899353027, 40.92751312255865 9.405136108398494, 40.91385269165045 9.397196769714412, 40.891212463378906 9.389536857605037, 40.85822296142578 9.385366439819336, 40.84313201904297 9.389236450195312, 40.82806396484375 9.393096923828182, 40.79764175415039 9.39555644989008, 40.78882217407221 9.386897087097225, 40.79262161254894 9.367396354675293, 40.80032348632824 9.345127105712947, 40.80851364135742 9.3267564773559, 40.81256484985357 9.310926437378043, 40.8247528076173 9.305356979370174, 40.84410476684582 9.304797172546387, 40.87410354614258 9.309446334838867, 40.902965545654354 9.318216323852596, 40.92697525024414 9.323126792907829, 40.95355224609375 9.335576057434082, 40.970714569091854 9.351506233215446, 40.97634124755865 9.351964950561467, 40.97777557373047 9.339325904846248, 40.97354507446295 9.326526641845817, 40.974334716796875 9.307056427002067, 40.970012664795036 9.280966758728084, 40.964824676513786 9.2615261077882, 40.9437141418457 9.240106582641602, 40.92058181762707 9.225116729736328, 40.908794403076115 9.216396331787166, 40.903682708740234 9.212606430053768, 40.88677215576166 9.19826698303234, 40.87121200561535 9.177267074584961, 40.856842041015625 9.162906646728516, 40.83605194091797 9.153846740722656, 40.817790985107536 9.1438570022583, 40.80595397949219 9.128796577453613, 40.79709243774414 9.109127044677734, 40.77860260009777 9.098907470703068, 40.768341064453125 9.11911678314209, 40.75183105468756 9.133637428283635, 40.73401260375982 9.119967460632324, 40.7200927734375 9.102617263793945, 40.696613311767635 9.106157302856559, 40.67953109741205 9.102107048034725, 40.66220092773443 9.092787742614746, 40.647613525390625 9.079327583313102, 40.62727355957037 9.06772708892828, 40.61040115356451 9.05862808227539, 40.59982299804693 9.06164741516119, 40.584770202636776 9.0486478805542, 40.56904983520519 9.038618087768555, 40.55036163330078 9.034108161926326, 40.53812026977545 9.028647422790641, 40.52260971069336 9.014957427978572, 40.509201049804744 9.00468826293951, 40.49370193481457 8.993277549743652, 40.47362136840826 8.986477851867619, 40.44804000854492 8.987028121948356, 40.42451095581066 8.982518196105957, 40.40737915039068 8.965838432311955, 40.389289855957145 8.938148498535156, 40.368461608886776 8.918258666992301, 40.35340118408209 8.896518707275447, 40.35020828247076 8.887642860412598, 40.34524154663086 8.87382888793951, 40.33779907226574 8.856878280639648, 40.32321929931646 8.838798522949219, 40.3189697265625 8.832768440246582, 40.31170654296869 8.823019027710075, 40.29272079467768 8.8173189163208, 40.26993942260748 8.830228805542049, 40.24982833862305 8.831183433532772, 40.23564910888672 8.844549179077262, 40.22880935668957 8.867279052734432, 40.212730407714844 8.884758949279785, 40.19966125488287 8.904528617858944, 40.19326019287104 8.921758651733455, 40.18523788452154 8.935539245605526, 40.17533874511719 8.940618515014705, 40.16169357299799 8.948583602905273)))",Oromiya,West Hararge,40901,1,Mieso,9.2202,40.7548
"MULTIPOLYGON (((41.00793838500988 9.117410659790153, 40.98894119262695 9.130948066711483, 40.99466323852539 9.136716842651424, 41.0036239624024 9.14074611663824, 41.014625549316406 9.1461763381958, 41.02214431762695 9.153406143188533, 41.03217315673828 9.162726402282829, 41.04061508178711 9.170196533203239, 41.05121231079107 9.171946525573787, 41.062564849853516 9.170276641845817, 41.07390213012701 9.168596267700195, 41.087505340576286 9.170625686645621, 41.09429550170904 9.180585861206112, 41.09457397460943 9.193446159362793, 41.09116363525396 9.20578575134283, 41.09171295166021 9.215886116027946, 41.09591674804693 9.22902870178217, 41.10341262817383 9.238315582275447, 41.11046600341808 9.245985984802246, 41.11952590942394 9.242666244506779, 41.129245758056754 9.241656303405762, 41.134883880615234 9.250905990600586, 41.137485504150334 9.263795852661133, 41.147983551025334 9.27242565155035, 41.16319656372082 9.275156021118278, 41.17957305908203 9.276986122131404, 41.19500350952154 9.280865669250545, 41.20531845092779 9.286165237426815, 41.217014312744254 9.292635917663574, 41.229583740234375 9.30289554595953, 41.24033355712902 9.3106050491333, 41.250873565673885 9.317395210266227, 41.25659561157232 9.320915222167912, 41.26589202880871 9.32612323760992, 41.266475677490234 9.319945335388127, 41.26758575439459 9.30821514129633, 41.27684402465826 9.284575462341365, 41.29100418090832 9.268465042114371, 41.29799652099604 9.248965263366756, 41.28519439697277 9.230965614318848, 41.26987457275396 9.212985992431697, 41.25731658935558 9.19543552398676, 41.24615478515625 9.17994594573969, 41.250423431396484 9.165205955505485, 41.22229385375982 9.158115386962834, 41.214683532714844 9.156565666198674, 41.20315551757824 9.153656005859375, 41.1893043518067 9.147556304931697, 41.16968536376953 9.139665603637752, 41.149345397949276 9.12741565704357, 41.12642288208002 9.107855796813965, 41.108333587646484 9.087125778198299, 41.09344482421881 9.062935829162598, 41.08855056762701 9.035604476928768, 41.05560302734375 9.049406051635856, 41.033294677734375 9.052956581115666, 41.023063659668026 9.07408618927002, 41.02092361450207 9.099976539611873, 41.00793838500988 9.117410659790153)))",Oromiya,West Hararge,40903,3,Tulo,9.2567,40.8432
"MULTIPOLYGON (((42.23966598510748 8.639883041381893, 42.24653625488281 8.655583381652832, 42.25754547119152 8.680482864379826, 42.26732635498047 8.709982872009277, 42.27528762817383 8.737373352050838, 42.287029266357536 8.77707290649414, 42.29792785644537 8.821396827697697, 42.30297851562494 8.863742828369197, 42.303169250488224 8.900022506713924, 42.29184722900396 8.945162773132381, 42.28455734252941 8.98551273345953, 42.28141021728527 9.028462409973145, 42.274208068847656 9.062332153320312, 42.266750335693416 9.098062515258789, 42.26166915893566 9.129892349243164, 42.26168823242193 9.145842552185059, 42.26102066040045 9.161547660827637, 42.252910614013615 9.189702033996639, 42.25944900512695 9.19227218627924, 42.26471710205084 9.197887420654354, 42.272037506103516 9.215667724609375, 42.268718719482536 9.229602813720817, 42.262260437011776 9.243622779846248, 42.256328582763786 9.252552032470703, 42.25365066528332 9.261532783508244, 42.24934768676758 9.27003192901617, 42.25030899047857 9.285531997680664, 42.259910583496094 9.29883193969738, 42.2660484313966 9.309772491455078, 42.264968872070426 9.321322441101188, 42.2585182189942 9.334412574768123, 42.26461029052746 9.349052429199276, 42.27031326293945 9.361664772033748, 42.27540969848627 9.359131813049316, 42.28313064575201 9.356222152709961, 42.29713058471691 9.356447219848576, 42.30825805664074 9.35516166687023, 42.31769943237316 9.344641685485897, 42.32278823852545 9.328071594238338, 42.32603836059576 9.310321807861271, 42.32981109619152 9.28795242309576, 42.34049606323242 9.27087211608898, 42.35221862792969 9.28154182434082, 42.36688995361328 9.279642105102539, 42.36964797973633 9.26350212097168, 42.37289047241211 9.24668216705328, 42.38731002807623 9.227691650390625, 42.4025611877442 9.216562271118221, 42.423820495605526 9.208281517028865, 42.449668884277344 9.204001426696777, 42.47340011596674 9.20176219940197, 42.492679595947266 9.202461242675724, 42.50875091552746 9.199661254882812, 42.5054283142091 9.186461448669434, 42.48991012573248 9.164081573486328, 42.49372100830078 9.15674209594738, 42.50732803344738 9.1462917327882, 42.52400970458996 9.13149166107172, 42.53902053833008 9.120592117309627, 42.5709609985351 9.111071586608944, 42.59307098388683 9.106961250305233, 42.59934616088867 9.106174468994197, 42.61930084228521 9.08928108215332, 42.644348144531364 9.072981834411621, 42.662288665771484 9.048961639404354, 42.6740608215332 9.028478622436467, 42.68013000488287 9.015021324157715, 42.70307159423834 8.98091125488287, 42.73064041137707 8.948020935058537, 42.76118087768566 8.917711257934684, 42.78400039672857 8.892841339111328, 42.80516052246105 8.870031356811523, 42.828071594238224 8.855791091918945, 42.84954833984381 8.844290733337402, 42.859779357910156 8.83186149597168, 42.865329742431754 8.825111389160213, 42.86536026000971 8.804350852966422, 42.85754394531256 8.785122871398926, 42.84391784667969 8.757921218872013, 42.83712768554693 8.72783088684082, 42.83198928833008 8.695231437683105, 42.838420867920036 8.664391517639274, 42.859878540039176 8.636301040649471, 42.88402938842785 8.615846633911133, 42.89878845214855 8.602671623229924, 42.90531921386713 8.582221031188965, 42.907608032226506 8.549031257629451, 42.912368774414006 8.522101402282658, 42.910827636718864 8.49878120422369, 42.897029876708984 8.457751274108887, 42.89857864379883 8.429171562194824, 42.89884948730469 8.409101486206168, 42.88440704345709 8.39851188659668, 42.85809707641613 8.391692161560059, 42.83091735839855 8.381152153015194, 42.798187255859375 8.370072364807243, 42.77937698364258 8.373262405395508, 42.76816940307623 8.363172531128043, 42.753948211670036 8.33712196350109, 42.74753189086914 8.32272720336914, 42.73487854003912 8.294372558593693, 42.71914672851574 8.245662689208984, 42.711158752441406 8.206762313842887, 42.701599121093864 8.179612159729004, 42.67851638793951 8.147322654724121, 42.66135787963873 8.130282402038574, 42.65140533447277 8.129673004150334, 42.6306266784668 8.140432357788086, 42.615978240966854 8.159603118896598, 42.59477615356451 8.197842597961426, 42.578098297119254 8.228532791137752, 42.56702804565441 8.25561237335205, 42.55999755859381 8.291993141174316, 42.5500755310058 8.350502967834473, 42.53872680664057 8.397222518920955, 42.534511566162166 8.429003715515194, 42.52976608276373 8.454833030700684, 42.520137786865234 8.478713035583553, 42.502555847168026 8.492082595825195, 42.323036193847656 8.536773681640739, 42.307147979736385 8.559642791748047, 42.29468536376959 8.586043357849121, 42.274997711181754 8.61510372161871, 42.263076782226676 8.635952949523926, 42.23966598510748 8.639883041381893)))",Oromiya,East Hararge,41004,4,Babile,9.2221,42.3345
"MULTIPOLYGON (((41.74242782592779 9.235863685607853, 41.72924804687494 9.230218887329102, 41.72285842895502 9.208663940429744, 41.71632766723644 9.170993804931697, 41.71791839599615 9.141493797302303, 41.71584701538086 9.113154411315918, 41.71472549438482 9.089384078979492, 41.7157554626466 9.073604583740348, 41.71741104125982 9.065704345703068, 41.72491455078125 9.041304588317871, 41.729988098144645 9.015204429626465, 41.71988677978527 8.987614631652946, 41.723075866699276 8.954214096069393, 41.73137664794922 8.928324699401855, 41.73461532592779 8.902464866638184, 41.73329544067394 8.879384994506836, 41.7334365844726 8.868414878845329, 41.7341766357423 8.863194465637264, 41.727195739746094 8.863424301147518, 41.72132492065424 8.857384681701717, 41.717704772949276 8.853654861450138, 41.70652770996105 8.841138839721793, 41.69019699096691 8.830974578857536, 41.66645431518555 8.819244384765739, 41.64200592041021 8.80659484863287, 41.62365341186535 8.810145378112907, 41.612957000732536 8.82392501831066, 41.603416442871094 8.839315414428711, 41.59299468994146 8.859045028686637, 41.57079696655285 8.87290477752697, 41.54559326171875 8.883355140686149, 41.518074035644645 8.892225265502987, 41.48928070068371 8.896980285644531, 41.46823501586914 8.897105216980037, 41.4559898376466 8.896944999694938, 41.46747589111334 8.921134948730412, 41.484676361083984 8.947565078735352, 41.50303649902338 8.974895477294922, 41.51605606079113 8.994714736938533, 41.52028656005865 9.006585121154899, 41.52971649169933 9.038084983825684, 41.53356552124029 9.059784889221305, 41.53364562988287 9.070534706115723, 41.533245086670036 9.079235076904354, 41.531536102295036 9.089474678039494, 41.529724121093864 9.100295066833553, 41.52897644042963 9.122035026550407, 41.5305747985841 9.134514808654842, 41.55356979370123 9.134329795837516, 41.57896423339844 9.132434844970703, 41.58695602416998 9.154104232788143, 41.606845855713004 9.19581413269043, 41.62853622436529 9.23247432708746, 41.63559722900385 9.251624107360954, 41.639625549316406 9.26600456237793, 41.65363693237305 9.290364265441895, 41.664577484130916 9.312144279480037, 41.691238403320426 9.30288410186779, 41.710247039795036 9.293354034423771, 41.73508834838867 9.293844223022461, 41.754856109619254 9.29090785980236, 41.75212860107416 9.27016353607172, 41.74701690673828 9.264034271240234, 41.740295410156364 9.257683753967285, 41.73840713500982 9.252674102783317, 41.74242782592779 9.235863685607853)))",Oromiya,East Hararge,41013,13,Bedeno,9.1911,41.6921
"MULTIPOLYGON (((42.93844223022461 9.58348655700695, 42.9210205078125 9.565114974975643, 42.908882141113395 9.56324768066412, 42.892074584960994 9.574452400207576, 42.87993240356451 9.584724426269531, 42.8640594482423 9.586591720581055, 42.84071731567394 9.582857131958008, 42.813636779785156 9.572585105896053, 42.80149841308605 9.549241065978947, 42.78749084472656 9.52309608459484, 42.776287078857365 9.511891365051326, 42.74734115600586 9.501620292663517, 42.73613357543951 9.495083808898983, 42.72866439819336 9.482944488525334, 42.7146568298341 9.474540710449276, 42.700649261474666 9.471739768982047, 42.681976318359375 9.469872474670524, 42.66610336303711 9.45866680145275, 42.655830383300724 9.455865859985352, 42.64088821411133 9.447462081909293, 42.61754608154297 9.426919937133846, 42.60353851318371 9.41664791107172, 42.584865570068416 9.409178733825797, 42.56712341308605 9.3961057662965, 42.552181243896484 9.382099151611328, 42.537452697753906 9.372982025146541, 42.53205871582031 9.383571624755803, 42.515819549560604 9.419871330261287, 42.50733184814459 9.437251091003475, 42.498420715332145 9.455471038818303, 42.473121643066406 9.492663383483887, 42.445999145507926 9.522991180419865, 42.436279296875114 9.53506088256836, 42.4200325012207 9.55525112152111, 42.40710067749029 9.570336341857967, 42.398681640625114 9.569791793823242, 42.38628387451183 9.565826416015568, 42.384239196777344 9.571471214294547, 42.3897705078125 9.596021652221737, 42.39542007446289 9.629821777343807, 42.390430450439396 9.65842151641857, 42.38446044921875 9.691620826721248, 42.37657165527355 9.713839530944881, 42.39530944824219 9.71545219421398, 42.424255371093864 9.719186782837028, 42.44853591918951 9.721988677978516, 42.47468185424816 9.721055030822868, 42.49895858764643 9.721054077148551, 42.52977371215826 9.727590560913143, 42.568058013916016 9.736927986145076, 42.59513473510742 9.748132705688533, 42.618480682373104 9.758404731750488, 42.647426605224666 9.775212287902832, 42.66379547119152 9.776549339294377, 42.681041717529354 9.774277687072868, 42.69411468505871 9.76867580413824, 42.7034530639649 9.758403778076172, 42.713726043701115 9.740662574768123, 42.730533599853516 9.721054077148551, 42.75014114379894 9.710782051086483, 42.779087066650504 9.69864368438732, 42.790294647216854 9.693040847778434, 42.822975158691406 9.67436504364025, 42.85379028320324 9.662226676940918, 42.89767456054699 9.65008735656744, 42.9079475402832 9.65008735656744, 42.91728591918945 9.65755748748785, 42.92568969726574 9.67249774932867, 42.93502807617199 9.679967880249137, 42.9509010314942 9.67249774932867, 42.963973999023494 9.65568923950201, 42.977981567382756 9.628610610961857, 42.9798469543457 9.607133865356445, 42.968643188476506 9.592193603515625, 42.94343185424805 9.587525367736873, 42.93844223022461 9.58348655700695)))",Oromiya,East Hararge,41015,15,Chinaksen,9.5,42.4333
"MULTIPOLYGON (((41.5305747985841 9.134514808654842, 41.52897644042963 9.122035026550407, 41.529724121093864 9.100295066833553, 41.531536102295036 9.089474678039494, 41.52001571655279 9.093045234680233, 41.50395584106445 9.097954750061149, 41.48932647705078 9.109724998474235, 41.470973968505916 9.1160249710083, 41.4551239013673 9.119335174560604, 41.43772506713867 9.130425453186035, 41.42198562622076 9.148835182189998, 41.40395355224615 9.167715072631779, 41.38817596435558 9.181095123291072, 41.37281417846691 9.188515663147086, 41.3516960144043 9.19643497467041, 41.33867645263672 9.209105491638297, 41.327003479003906 9.218795776367244, 41.31066513061535 9.219815254211426, 41.30100631713867 9.220105171203727, 41.28519439697277 9.230965614318848, 41.29799652099604 9.248965263366756, 41.29100418090832 9.268465042114371, 41.27684402465826 9.284575462341365, 41.26758575439459 9.30821514129633, 41.266475677490234 9.319945335388127, 41.27883529663086 9.321784973144588, 41.28204727172863 9.326415061950627, 41.28841400146496 9.333855628967399, 41.29311370849615 9.33834552764904, 41.29779434204107 9.341694831848145, 41.305965423583984 9.346575736999512, 41.32041549682617 9.354535102844295, 41.3308944702149 9.359835624694881, 41.33994674682623 9.362635612487793, 41.349884033203125 9.364265441894531, 41.35980606079107 9.364754676818961, 41.37089538574219 9.365685462951717, 41.38177490234375 9.367984771728516, 41.394027709960994 9.369794845581112, 41.40374755859381 9.371665000915527, 41.41345596313488 9.37330532073986, 41.42182540893566 9.376574516296444, 41.4295272827149 9.381454467773494, 41.43886566162115 9.387225151062012, 41.445281982421875 9.389204978942871, 41.452198028564396 9.38558483123785, 41.45994567871094 9.381304740905762, 41.46588516235363 9.378654479980582, 41.4723281860351 9.37807464599615, 41.479248046875 9.378614425659293, 41.48686218261719 9.378804206848258, 41.50868606567383 9.384080886840934, 41.51240539550781 9.351124763488883, 41.51453781127941 9.329834938049373, 41.51595687866211 9.306494712829647, 41.51550674438488 9.279954910278263, 41.516654968261776 9.25158500671398, 41.52335739135742 9.226144790649528, 41.52509689331055 9.213554382324219, 41.531795501708984 9.188344955444336, 41.53389739990246 9.162944793701172, 41.53167724609375 9.143054962158146, 41.5305747985841 9.134514808654842)))",Oromiya,East Hararge,41011,11,Deder,9.3006,41.4523
"MULTIPOLYGON (((42.29792785644537 8.821396827697697, 42.28331756591808 8.82520866394043, 42.266826629638615 8.826582908630428, 42.23659515380854 8.833454132080192, 42.192619323730526 8.849945068359489, 42.17612838745123 8.85131931304943, 42.14589691162115 8.844448089599666, 42.11291503906256 8.862313270568904, 42.077182769775504 8.888423919677678, 42.01305007934576 8.888423919677678, 42.0143775939942 8.911343574523869, 42.01337814331055 8.931913375854606, 42.012168884277344 8.951093673706055, 42.011478424072266 8.98208332061779, 42.013538360595646 9.016573905944767, 42.01145553588867 9.047773361206055, 42.00650787353521 9.085173606872559, 42.005077362060604 9.120083808898983, 42.01116943359375 9.149773597717342, 42.0231170654298 9.177233695983887, 42.03665924072277 9.190143585205192, 42.04856872558594 9.204193115234318, 42.05718994140631 9.219573020935172, 42.06133270263672 9.226459503173828, 42.073688507080135 9.220963478088493, 42.09084701538086 9.2251234054566, 42.11240768432623 9.230742454528809, 42.120616912841854 9.22844314575201, 42.127349853515625 9.226552963256893, 42.13726806640625 9.215823173523006, 42.14855957031256 9.206262588501033, 42.16571807861334 9.21042251586914, 42.18214797973627 9.21689224243164, 42.19746017456055 9.21987247467041, 42.208488464355526 9.211932182312012, 42.220787048339844 9.196372985839787, 42.233718872070426 9.185912132263184, 42.2460289001466 9.187002182006836, 42.252910614013615 9.189702033996639, 42.26102066040045 9.161547660827637, 42.26168823242193 9.145842552185059, 42.26166915893566 9.129892349243164, 42.266750335693416 9.098062515258789, 42.274208068847656 9.062332153320312, 42.28141021728527 9.028462409973145, 42.28455734252941 8.98551273345953, 42.29184722900396 8.945162773132381, 42.303169250488224 8.900022506713924, 42.30297851562494 8.863742828369197, 42.29792785644537 8.821396827697697)))",Oromiya,East Hararge,41005,5,Fedis,9.1783,42.0586
"MULTIPOLYGON (((41.74242782592779 9.235863685607853, 41.74977874755865 9.237954139709586, 41.77618789672857 9.234543800353947, 41.7982063293457 9.227973937988395, 41.8134880065918 9.214364051818848, 41.82663726806646 9.193694114685059, 41.845428466796875 9.186223983764648, 41.857517242431584 9.202583312988338, 41.88896560668957 9.198224067687988, 41.91621780395519 9.187033653259277, 41.934928894043026 9.172253608703556, 41.94804763793951 9.14975357055664, 41.96333694458019 9.13752365112299, 41.9775276184082 9.131923675537166, 41.97821807861328 9.137223243713493, 41.983016967773494 9.133413314819336, 41.988658905029354 9.129793167114371, 41.99637603759771 9.126433372497615, 42.005077362060604 9.120083808898983, 42.00650787353521 9.085173606872559, 42.01145553588867 9.047773361206055, 42.013538360595646 9.016573905944767, 42.011478424072266 8.98208332061779, 42.012168884277344 8.951093673706055, 42.01337814331055 8.931913375854606, 42.0143775939942 8.911343574523869, 42.01305007934576 8.888423919677678, 42.01252746582031 8.879393577575684, 42.010837554931754 8.836584091186467, 42.01349639892578 8.798453330993766, 42.017745971679744 8.763593673706055, 42.018035888671875 8.729133605957031, 42.02433776855469 8.693043708801326, 42.00957489013683 8.704713821411133, 42.00301742553722 8.70854377746582, 41.995037078857365 8.713514328003043, 41.99132537841797 8.717583656311092, 41.960937500000114 8.746164321899471, 41.94909667968756 8.75744438171381, 41.932395935058594 8.764413833618164, 41.918125152588004 8.75948429107666, 41.909244537353516 8.7398939132691, 41.90307617187506 8.713434219360465, 41.87961578369146 8.706503868103141, 41.868736267089844 8.724864006042537, 41.86843490600586 8.746124267578182, 41.868125915527344 8.764863967895565, 41.86711502075195 8.782004356384334, 41.86223602294922 8.804664611816406, 41.84674453735357 8.820314407348633, 41.82471466064459 8.821614265441951, 41.81379699707031 8.814644813537654, 41.80948638916027 8.811884880066032, 41.78667449951172 8.80267429351818, 41.76324462890625 8.801224708557129, 41.754405975341854 8.816604614257756, 41.75299453735346 8.842444419860897, 41.74441528320318 8.862844467163143, 41.7341766357423 8.863194465637264, 41.7334365844726 8.868414878845329, 41.73329544067394 8.879384994506836, 41.73461532592779 8.902464866638184, 41.73137664794922 8.928324699401855, 41.723075866699276 8.954214096069393, 41.71988677978527 8.987614631652946, 41.729988098144645 9.015204429626465, 41.72491455078125 9.041304588317871, 41.71741104125982 9.065704345703068, 41.7157554626466 9.073604583740348, 41.71472549438482 9.089384078979492, 41.71584701538086 9.113154411315918, 41.71791839599615 9.141493797302303, 41.71632766723644 9.170993804931697, 41.72285842895502 9.208663940429744, 41.72924804687494 9.230218887329102, 41.74242782592779 9.235863685607853)))",Oromiya,East Hararge,41016,16,Girawa,9.4322,41.7225
"MULTIPOLYGON (((41.524467468261776 7.956430912017822, 41.533870697021484 7.964325904846248, 41.54075241088867 7.972705841064396, 41.54658889770519 7.979846000671444, 41.54853439331055 7.987716197967643, 41.563034057617244 8.006146430969238, 41.56308364868164 8.01551628112793, 41.563133239746094 8.026266098022518, 41.5631942749024 8.03724575042719, 41.56463241577154 8.050275802612362, 41.5672225952149 8.06490612030035, 41.57006454467785 8.081126213073787, 41.56765365600586 8.102636337280217, 41.5524139404298 8.126945495605469, 41.532802581787166 8.149445533752385, 41.50654220581066 8.173356056213379, 41.4839324951173 8.19266605377203, 41.468181610107536 8.208975791931152, 41.45634460449219 8.22687625885004, 41.44110107421875 8.252336502075195, 41.4237632751466 8.271856307983398, 41.414672851562614 8.290426254272518, 41.406501770019645 8.306936264038086, 41.38297271728521 8.329015731811637, 41.36030197143555 8.341695785522461, 41.33896255493164 8.343396186828613, 41.32174301147455 8.344156265258903, 41.31166076660162 8.347856521606445, 41.29710769653332 8.361579895019531, 41.27532196044922 8.38349628448492, 41.26555252075201 8.403216361999512, 41.25901412963867 8.426366806030273, 41.25881195068365 8.438546180725211, 41.258663177490234 8.447656631469727, 41.26243209838867 8.465946197509709, 41.26786422729498 8.493616104125977, 41.272071838378906 8.505825996398869, 41.27803421020519 8.504325866699332, 41.287033081054744 8.512296676635856, 41.29952239990229 8.52642631530773, 41.308853149414176 8.551325798034782, 41.318893432617244 8.579886436462346, 41.33672332763672 8.603825569152946, 41.353195190429744 8.629376411438102, 41.364864349365234 8.659516334533691, 41.36777496337902 8.684906005859432, 41.37352371215826 8.721945762634391, 41.3801727294923 8.75645542144781, 41.39119338989258 8.790715217590389, 41.40541458129894 8.820836067199764, 41.422145843505916 8.847735404968375, 41.44095611572271 8.875315666198787, 41.4559898376466 8.896944999694938, 41.46823501586914 8.897105216980037, 41.48928070068371 8.896980285644531, 41.518074035644645 8.892225265502987, 41.54559326171875 8.883355140686149, 41.57079696655285 8.87290477752697, 41.59299468994146 8.859045028686637, 41.603416442871094 8.839315414428711, 41.612957000732536 8.82392501831066, 41.62365341186535 8.810145378112907, 41.64200592041021 8.80659484863287, 41.66645431518555 8.819244384765739, 41.69019699096691 8.830974578857536, 41.70652770996105 8.841138839721793, 41.703517913818416 8.818877220153752, 41.70587158203131 8.8039808273316, 41.70900726318371 8.789084434509391, 41.70743942260742 8.75145244598383, 41.709793090820256 8.73028469085699, 41.7066535949707 8.724012374878043, 41.719200134277344 8.686380386352482, 41.715278625488395 8.680108070373535, 41.72547149658203 8.662859916687069, 41.73096084594732 8.639339447021484, 41.73487854003912 8.62679576873785, 41.72860717773443 8.607194900512809, 41.72860717773443 8.600923538208121, 41.73566436767584 8.588378906250057, 41.73723220825201 8.57505130767828, 41.74742507934582 8.560938835144043, 41.74742507934582 8.549179077148551, 41.74977493286133 8.530362129211483, 41.75604629516596 8.503705978393668, 41.76153564453125 8.492730140686149, 41.75607681274414 8.478987693786564, 41.75672912597656 8.460083961486873, 41.75607681274414 8.44378662109375, 41.7547721862793 8.43205356597906, 41.759338378906364 8.415104866027832, 41.754123687744254 8.381207466125545, 41.759338378906364 8.361651420593262, 41.75347137451166 8.343399047851506, 41.7462997436524 8.331665039062557, 41.7462997436524 8.323190689087028, 41.742389678955135 8.312108993530273, 41.73684692382824 8.300701141357479, 41.731956481933594 8.290597915649528, 41.717617034912166 8.254744529724121, 41.717617034912166 8.249529838562069, 41.72152709960943 8.22736644744873, 41.727394104003906 8.21498012542736, 41.727394104003906 8.207809448242188, 41.74043273925787 8.198031425476131, 41.74890518188482 8.194772720336971, 41.7547721862793 8.184994697570914, 41.77302551269537 8.165437698364371, 41.774963378906364 8.141741752624512, 41.76316070556652 8.119314193725643, 41.75902938842779 8.103378295898494, 41.756668090820426 8.050259590148983, 41.746044158935604 8.024880409240836, 41.736007690429744 7.988287925720215, 41.73542022705084 7.971762180328369, 41.736007690429744 7.935169219970703, 41.73659896850586 7.919233798980827, 41.72833633422863 7.887362480163631, 41.72734832763672 7.86583328247076, 41.72625732421875 7.84070968627924, 41.722434997558594 7.822686195373649, 41.71533584594732 7.808485984802303, 41.70605087280285 7.798655033111572, 41.69403457641613 7.789370536804313, 41.685295104980526 7.791008949279899, 41.67436981201172 7.771347045898551, 41.66126251220709 7.779539585113582, 41.65034103393566 7.783362865447998, 41.61975479125982 7.761516571045036, 41.594272613525504 7.7452850341796875, 41.589790344238395 7.76981592178339, 41.59317398071289 7.8013463020325275, 41.59422302246094 7.829706192016658, 41.58482360839855 7.847906112670955, 41.5653533935548 7.851346015930233, 41.55083084106445 7.864106178283635, 41.54721069335943 7.8863463401793865, 41.54340362548834 7.911796092987174, 41.531711578369254 7.930476188659782, 41.52538299560547 7.93833589553833, 41.52348327636719 7.949206352234, 41.524467468261776 7.956430912017822)))",Oromiya,East Hararge,41017,17,Golo Oda,9.1597,42.6474
"MULTIPOLYGON (((41.26589202880871 9.32612323760992, 41.25936508178705 9.348555564880314, 41.245746612548885 9.374515533447322, 41.232826232910156 9.402065277099553, 41.228145599365234 9.423845291137752, 41.22147369384777 9.45502567291254, 41.21680450439453 9.476795196533317, 41.21157073974621 9.48099327087408, 41.214965820312614 9.486095428466854, 41.21988677978521 9.490715026855469, 41.230587005615234 9.495679855346737, 41.2393150329591 9.498795509338436, 41.25225067138672 9.50038051605219, 41.26050567626959 9.50018501281744, 41.26755523681646 9.499364852905387, 41.279674530029354 9.501535415649528, 41.30869674682623 9.503074645996037, 41.336494445800895 9.494634628295842, 41.359035491943416 9.49012470245367, 41.39308547973633 9.48575496673584, 41.432617187500114 9.475854873657227, 41.45887756347662 9.466875076293888, 41.479038238525504 9.460024833679142, 41.490966796875114 9.45742416381836, 41.49973678588867 9.4324245452882, 41.50009536743164 9.420754432678223, 41.50161743164068 9.409304618835392, 41.506324768066406 9.394404411316032, 41.50868606567383 9.384080886840934, 41.48686218261719 9.378804206848258, 41.479248046875 9.378614425659293, 41.4723281860351 9.37807464599615, 41.46588516235363 9.378654479980582, 41.45994567871094 9.381304740905762, 41.452198028564396 9.38558483123785, 41.445281982421875 9.389204978942871, 41.43886566162115 9.387225151062012, 41.4295272827149 9.381454467773494, 41.42182540893566 9.376574516296444, 41.41345596313488 9.37330532073986, 41.40374755859381 9.371665000915527, 41.394027709960994 9.369794845581112, 41.38177490234375 9.367984771728516, 41.37089538574219 9.365685462951717, 41.35980606079107 9.364754676818961, 41.349884033203125 9.364265441894531, 41.33994674682623 9.362635612487793, 41.3308944702149 9.359835624694881, 41.32041549682617 9.354535102844295, 41.305965423583984 9.346575736999512, 41.29779434204107 9.341694831848145, 41.29311370849615 9.33834552764904, 41.28841400146496 9.333855628967399, 41.28204727172863 9.326415061950627, 41.27883529663086 9.321784973144588, 41.266475677490234 9.319945335388127, 41.26589202880871 9.32612323760992)))",Oromiya,East Hararge,41010,10,Goro Gutu,9.4167,41
"MULTIPOLYGON (((42.55628967285156 9.321051597595329, 42.54695129394531 9.305231094360408, 42.551361083984375 9.286571502685604, 42.56108093261719 9.270301818847713, 42.57099151611328 9.258181571960563, 42.57960891723644 9.237501144409293, 42.583591461181754 9.215381622314453, 42.59548187255865 9.193591117858887, 42.614299774170036 9.17396163940424, 42.62477111816406 9.166030883789006, 42.6347007751466 9.158521652221793, 42.635108947753906 9.143971443176326, 42.625961303710994 9.13208103179943, 42.619029998779354 9.12643146514904, 42.60942840576183 9.118461608886776, 42.59934616088867 9.106174468994197, 42.59307098388683 9.106961250305233, 42.5709609985351 9.111071586608944, 42.53902053833008 9.120592117309627, 42.52400970458996 9.13149166107172, 42.50732803344738 9.1462917327882, 42.49372100830078 9.15674209594738, 42.48991012573248 9.164081573486328, 42.5054283142091 9.186461448669434, 42.50875091552746 9.199661254882812, 42.492679595947266 9.202461242675724, 42.47340011596674 9.20176219940197, 42.449668884277344 9.204001426696777, 42.423820495605526 9.208281517028865, 42.4025611877442 9.216562271118221, 42.38731002807623 9.227691650390625, 42.37289047241211 9.24668216705328, 42.36964797973633 9.26350212097168, 42.36688995361328 9.279642105102539, 42.35221862792969 9.28154182434082, 42.34049606323242 9.27087211608898, 42.32981109619152 9.28795242309576, 42.32603836059576 9.310321807861271, 42.32278823852545 9.328071594238338, 42.31769943237316 9.344641685485897, 42.30825805664074 9.35516166687023, 42.29713058471691 9.356447219848576, 42.28313064575201 9.356222152709961, 42.27540969848627 9.359131813049316, 42.27031326293945 9.361664772033748, 42.266139984130916 9.365982055664062, 42.261268615722656 9.37351226806652, 42.26517868041992 9.377252578735352, 42.27532958984375 9.38386249542242, 42.28871154785156 9.39281177520752, 42.31016159057617 9.407642364501953, 42.318901062011776 9.409341812133789, 42.32918930053722 9.41135215759283, 42.342689514160156 9.410131454467717, 42.35504150390619 9.42739200592041, 42.36597824096691 9.445772171020508, 42.37609100341797 9.456071853637695, 42.38452911376959 9.469341278076229, 42.39424133300787 9.474541664123535, 42.41534042358404 9.47965145111084, 42.43177032470703 9.487241744995117, 42.44126129150385 9.491281509399357, 42.473121643066406 9.492663383483887, 42.498420715332145 9.455471038818303, 42.50733184814459 9.437251091003475, 42.515819549560604 9.419871330261287, 42.53205871582031 9.383571624755803, 42.537452697753906 9.372982025146541, 42.55158233642584 9.345241546630803, 42.55628967285156 9.321051597595329)))",Oromiya,East Hararge,41003,3,Gursum,9.2,42.1
"MULTIPOLYGON (((41.97821807861328 9.137223243713493, 41.97974777221691 9.149043083190975, 41.97103881835949 9.176523208618278, 41.961208343505916 9.206993103027457, 41.93944931030279 9.239853858947868, 41.91550827026367 9.260383605957088, 41.89961624145519 9.281773567199707, 41.890819549560604 9.30012321472168, 41.884277343750114 9.313663482666072, 41.878372192382926 9.32587909698492, 41.888698577880916 9.34447383880621, 41.91454696655268 9.354763031005803, 41.922977447509766 9.370913505554313, 41.9216766357423 9.379612922668457, 41.919551849365234 9.38499832153326, 41.92214965820318 9.40405368804943, 41.92804718017578 9.41931343078619, 41.92793655395508 9.43188285827631, 41.92185974121105 9.44519329071045, 41.91572952270508 9.453702926635799, 41.90829849243164 9.473893165588493, 41.91337966918957 9.4724636077882, 41.93874740600597 9.479542732238713, 41.954486846923885 9.48911285400402, 41.98252487182623 9.508492469787598, 41.990009307861385 9.506623268127498, 41.99535751342785 9.506463050842342, 42.0023307800293 9.507712364196834, 42.019100189208984 9.508172988891658, 42.03171920776367 9.504403114318961, 42.04390716552746 9.498312950134277, 42.052139282226676 9.491952896118221, 42.05781936645508 9.485082626342717, 42.06761550903326 9.474807739257926, 42.074771881103516 9.473716735839844, 42.07273864746105 9.465393066406307, 42.082550048828125 9.445172309875602, 42.08992767333979 9.415203094482536, 42.09399795532238 9.389362335205078, 42.09747314453131 9.381543159484863, 42.10870742797846 9.36412239074707, 42.099628448486385 9.350352287292424, 42.085258483886776 9.329113006591854, 42.07046890258795 9.303942680358944, 42.06467819213867 9.284893035888729, 42.06050872802746 9.26587295532238, 42.058879852295036 9.249432563781795, 42.0597381591798 9.237652778625602, 42.06133270263672 9.226459503173828, 42.05718994140631 9.219573020935172, 42.04856872558594 9.204193115234318, 42.03665924072277 9.190143585205192, 42.0231170654298 9.177233695983887, 42.01116943359375 9.149773597717342, 42.005077362060604 9.120083808898983, 41.99637603759771 9.126433372497615, 41.988658905029354 9.129793167114371, 41.983016967773494 9.133413314819336, 41.97821807861328 9.137223243713493)))",Oromiya,East Hararge,41006,6,Haro Maya,9.4081,41.9858
"MULTIPOLYGON (((42.23807907104492 9.384942054748592, 42.238491058349666 9.390322685241756, 42.236148834228516 9.409482002258414, 42.231388092041016 9.436692237854118, 42.225200653076286 9.465742111206112, 42.220901489257926 9.493191719055233, 42.23144149780279 9.506042480468807, 42.248779296875114 9.515742301940918, 42.255249023437614 9.538242340088004, 42.26696014404297 9.551101684570426, 42.26834106445318 9.572141647338924, 42.26644897460943 9.593391418457088, 42.2643394470216 9.613471984863395, 42.262519836425895 9.629402160644531, 42.26052856445318 9.63954162597662, 42.25838088989269 9.644371986389274, 42.25863647460943 9.651581764221248, 42.26264953613287 9.656901359558105, 42.271850585937614 9.666952133178768, 42.28594207763683 9.676141738891602, 42.302761077880916 9.691131591796818, 42.31127929687506 9.699091911315918, 42.3181419372558 9.705661773681697, 42.3283424377442 9.71338176727295, 42.334129333496094 9.71599102020258, 42.33977127075201 9.719617843627987, 42.34619140625006 9.72136116027832, 42.35576248168945 9.717861175537166, 42.37657165527355 9.713839530944881, 42.38446044921875 9.691620826721248, 42.390430450439396 9.65842151641857, 42.39542007446289 9.629821777343807, 42.3897705078125 9.596021652221737, 42.384239196777344 9.571471214294547, 42.38628387451183 9.565826416015568, 42.398681640625114 9.569791793823242, 42.40710067749029 9.570336341857967, 42.4200325012207 9.55525112152111, 42.436279296875114 9.53506088256836, 42.445999145507926 9.522991180419865, 42.473121643066406 9.492663383483887, 42.44126129150385 9.491281509399357, 42.43177032470703 9.487241744995117, 42.41534042358404 9.47965145111084, 42.39424133300787 9.474541664123535, 42.38452911376959 9.469341278076229, 42.37609100341797 9.456071853637695, 42.36597824096691 9.445772171020508, 42.35504150390619 9.42739200592041, 42.342689514160156 9.410131454467717, 42.32918930053722 9.41135215759283, 42.318901062011776 9.409341812133789, 42.31016159057617 9.407642364501953, 42.28871154785156 9.39281177520752, 42.27532958984375 9.38386249542242, 42.26517868041992 9.377252578735352, 42.261268615722656 9.37351226806652, 42.252998352050724 9.383802413940373, 42.23807907104492 9.384942054748592)))",Oromiya,East Hararge,41002,2,Jarso,9.55,42
"MULTIPOLYGON (((41.72194671630871 9.467534065246582, 41.734619140625 9.47148418426508, 41.7545280456543 9.484573364257756, 41.77299880981457 9.49105358123785, 41.792549133300895 9.489513397216854, 41.8151969909668 9.476743698120117, 41.83867645263683 9.47791385650629, 41.859706878662166 9.48801326751709, 41.8824195861817 9.481183052063045, 41.90829849243164 9.473893165588493, 41.91572952270508 9.453702926635799, 41.92185974121105 9.44519329071045, 41.92793655395508 9.43188285827631, 41.92804718017578 9.41931343078619, 41.92214965820318 9.40405368804943, 41.919551849365234 9.38499832153326, 41.9216766357423 9.379612922668457, 41.922977447509766 9.370913505554313, 41.91454696655268 9.354763031005803, 41.888698577880916 9.34447383880621, 41.878372192382926 9.32587909698492, 41.87043380737316 9.321318626403809, 41.85937881469738 9.306783676147461, 41.85097885131847 9.292913436889705, 41.83672714233393 9.293263435363826, 41.82446670532238 9.310733795166016, 41.80634689331066 9.316363334655875, 41.78969573974621 9.305753707885856, 41.777107238769645 9.286423683166447, 41.76674652099615 9.284684181213493, 41.754856109619254 9.29090785980236, 41.73508834838867 9.293844223022461, 41.710247039795036 9.293354034423771, 41.691238403320426 9.30288410186779, 41.664577484130916 9.312144279480037, 41.668846130371094 9.32066440582281, 41.68519592285156 9.348423957824764, 41.705928802490234 9.377304077148494, 41.715576171875 9.40168380737299, 41.726226806640625 9.409374237060547, 41.73368835449219 9.419593811035156, 41.72942733764654 9.432663917541618, 41.72194671630871 9.467534065246582)))",Oromiya,East Hararge,41008,8,Kersa,9.51,41.66
"MULTIPOLYGON (((42.10870742797846 9.36412239074707, 42.09747314453131 9.381543159484863, 42.09399795532238 9.389362335205078, 42.08992767333979 9.415203094482536, 42.082550048828125 9.445172309875602, 42.07273864746105 9.465393066406307, 42.074771881103516 9.473716735839844, 42.08105850219721 9.488162994384766, 42.09626007080078 9.501312255859489, 42.10968017578131 9.507962226867619, 42.121868133544865 9.519222259521484, 42.13890075683605 9.534692764282283, 42.1525993347168 9.556372642517147, 42.1461296081543 9.570631980895996, 42.13341140747076 9.582491874694767, 42.130050659179744 9.592102050781364, 42.12784957885742 9.598372459411735, 42.12485885620123 9.614521980285758, 42.142250061035156 9.620292663574276, 42.15959167480469 9.630681991577148, 42.180381774902344 9.644342422485408, 42.20053100585949 9.653141975402832, 42.220520019531364 9.65616226196289, 42.24077224731451 9.656641960144157, 42.25863647460943 9.651581764221248, 42.25838088989269 9.644371986389274, 42.26052856445318 9.63954162597662, 42.262519836425895 9.629402160644531, 42.2643394470216 9.613471984863395, 42.26644897460943 9.593391418457088, 42.26834106445318 9.572141647338924, 42.26696014404297 9.551101684570426, 42.255249023437614 9.538242340088004, 42.248779296875114 9.515742301940918, 42.23144149780279 9.506042480468807, 42.220901489257926 9.493191719055233, 42.225200653076286 9.465742111206112, 42.231388092041016 9.436692237854118, 42.236148834228516 9.409482002258414, 42.238491058349666 9.390322685241756, 42.23807907104492 9.384942054748592, 42.221878051757926 9.379472732544059, 42.20478057861328 9.370232582092342, 42.18743896484375 9.361682891845703, 42.16857910156256 9.36283206939703, 42.157470703125 9.376322746276855, 42.14661788940441 9.38751220703125, 42.12915039062506 9.388672828674316, 42.11422729492193 9.37251281738287, 42.10870742797846 9.36412239074707)))",Oromiya,East Hararge,41001,1,Kombolcha,9.4365,41.0829
"MULTIPOLYGON (((41.97821807861328 9.137223243713493, 41.9775276184082 9.131923675537166, 41.96333694458019 9.13752365112299, 41.94804763793951 9.14975357055664, 41.934928894043026 9.172253608703556, 41.91621780395519 9.187033653259277, 41.88896560668957 9.198224067687988, 41.857517242431584 9.202583312988338, 41.845428466796875 9.186223983764648, 41.82663726806646 9.193694114685059, 41.8134880065918 9.214364051818848, 41.7982063293457 9.227973937988395, 41.77618789672857 9.234543800353947, 41.74977874755865 9.237954139709586, 41.74242782592779 9.235863685607853, 41.73840713500982 9.252674102783317, 41.740295410156364 9.257683753967285, 41.74701690673828 9.264034271240234, 41.75212860107416 9.27016353607172, 41.754856109619254 9.29090785980236, 41.76674652099615 9.284684181213493, 41.777107238769645 9.286423683166447, 41.78969573974621 9.305753707885856, 41.80634689331066 9.316363334655875, 41.82446670532238 9.310733795166016, 41.83672714233393 9.293263435363826, 41.85097885131847 9.292913436889705, 41.85937881469738 9.306783676147461, 41.87043380737316 9.321318626403809, 41.878372192382926 9.32587909698492, 41.884277343750114 9.313663482666072, 41.890819549560604 9.30012321472168, 41.89961624145519 9.281773567199707, 41.91550827026367 9.260383605957088, 41.93944931030279 9.239853858947868, 41.961208343505916 9.206993103027457, 41.97103881835949 9.176523208618278, 41.97974777221691 9.149043083190975, 41.97821807861328 9.137223243713493)))",Oromiya,East Hararge,41007,7,Kurfa Chele,9.5,42.2
"MULTIPOLYGON (((41.18522262573242 8.716826438903752, 41.17881393432623 8.723176002502385, 41.174571990966854 8.74517631530773, 41.17847061157238 8.76530456542963, 41.18604278564453 8.780376434326229, 41.19838333129883 8.805946350097656, 41.20981216430664 8.832446098327694, 41.22122192382818 8.854355812072868, 41.23466491699213 8.870085716247615, 41.25136566162115 8.892656326294002, 41.26021575927746 8.909316062927246, 41.27371597290039 8.93532562255865, 41.28347778320324 8.950150489807072, 41.28975296020508 8.960865974426326, 41.29863357543957 8.981415748596305, 41.3059539794923 9.008376121521053, 41.30799484252941 9.038575172424373, 41.311634063720646 9.064645767211914, 41.31249618530279 9.089815139770508, 41.29792404174805 9.112565994262752, 41.27782440185547 9.133285522460938, 41.25312423706055 9.155865669250431, 41.250423431396484 9.165205955505485, 41.24615478515625 9.17994594573969, 41.25731658935558 9.19543552398676, 41.26987457275396 9.212985992431697, 41.28519439697277 9.230965614318848, 41.30100631713867 9.220105171203727, 41.31066513061535 9.219815254211426, 41.327003479003906 9.218795776367244, 41.33867645263672 9.209105491638297, 41.3516960144043 9.19643497467041, 41.37281417846691 9.188515663147086, 41.38817596435558 9.181095123291072, 41.40395355224615 9.167715072631779, 41.42198562622076 9.148835182189998, 41.43772506713867 9.130425453186035, 41.4551239013673 9.119335174560604, 41.470973968505916 9.1160249710083, 41.48932647705078 9.109724998474235, 41.50395584106445 9.097954750061149, 41.52001571655279 9.093045234680233, 41.531536102295036 9.089474678039494, 41.533245086670036 9.079235076904354, 41.53364562988287 9.070534706115723, 41.53356552124029 9.059784889221305, 41.52971649169933 9.038084983825684, 41.52028656005865 9.006585121154899, 41.51605606079113 8.994714736938533, 41.50303649902338 8.974895477294922, 41.484676361083984 8.947565078735352, 41.46747589111334 8.921134948730412, 41.4559898376466 8.896944999694938, 41.44095611572271 8.875315666198787, 41.422145843505916 8.847735404968375, 41.40541458129894 8.820836067199764, 41.39119338989258 8.790715217590389, 41.3801727294923 8.75645542144781, 41.37352371215826 8.721945762634391, 41.36777496337902 8.684906005859432, 41.364864349365234 8.659516334533691, 41.353195190429744 8.629376411438102, 41.33672332763672 8.603825569152946, 41.318893432617244 8.579886436462346, 41.308853149414176 8.551325798034782, 41.29952239990229 8.52642631530773, 41.287033081054744 8.512296676635856, 41.27803421020519 8.504325866699332, 41.272071838378906 8.505825996398869, 41.274631500244084 8.513266563415641, 41.27382278442394 8.532046318054256, 41.26886367797863 8.550375938415527, 41.265754699706974 8.569616317749023, 41.2662467956543 8.596046447753963, 41.26619338989269 8.607146263122672, 41.26405334472656 8.63416576385498, 41.255432128906364 8.654816627502498, 41.24128341674805 8.671366691589355, 41.22024154663097 8.690926551818961, 41.19367218017578 8.708456039428711, 41.18522262573242 8.716826438903752)))",Oromiya,East Hararge,41012,12,Malka Balo,9.1851,42.0441
"MULTIPOLYGON (((41.5305747985841 9.134514808654842, 41.53167724609375 9.143054962158146, 41.53389739990246 9.162944793701172, 41.531795501708984 9.188344955444336, 41.52509689331055 9.213554382324219, 41.52335739135742 9.226144790649528, 41.516654968261776 9.25158500671398, 41.51550674438488 9.279954910278263, 41.51595687866211 9.306494712829647, 41.51453781127941 9.329834938049373, 41.51240539550781 9.351124763488883, 41.50868606567383 9.384080886840934, 41.506324768066406 9.394404411316032, 41.50161743164068 9.409304618835392, 41.50009536743164 9.420754432678223, 41.49973678588867 9.4324245452882, 41.490966796875114 9.45742416381836, 41.50665664672857 9.470504760742188, 41.52206802368164 9.485324859619197, 41.540607452392635 9.499584197998047, 41.56415557861334 9.50694465637207, 41.59772872924799 9.511414527893123, 41.63273620605463 9.513323783874569, 41.64259719848633 9.515144348144531, 41.654155731201286 9.481233596801758, 41.67019653320318 9.470633506774902, 41.70227813720709 9.466653823852653, 41.72194671630871 9.467534065246582, 41.72942733764654 9.432663917541618, 41.73368835449219 9.419593811035156, 41.726226806640625 9.409374237060547, 41.715576171875 9.40168380737299, 41.705928802490234 9.377304077148494, 41.68519592285156 9.348423957824764, 41.668846130371094 9.32066440582281, 41.664577484130916 9.312144279480037, 41.65363693237305 9.290364265441895, 41.639625549316406 9.26600456237793, 41.63559722900385 9.251624107360954, 41.62853622436529 9.23247432708746, 41.606845855713004 9.19581413269043, 41.58695602416998 9.154104232788143, 41.57896423339844 9.132434844970703, 41.55356979370123 9.134329795837516, 41.5305747985841 9.134514808654842)))",Oromiya,East Hararge,41009,9,Meta,9.312,41.8352
"MULTIPOLYGON (((41.70652770996105 8.841138839721793, 41.717704772949276 8.853654861450138, 41.72132492065424 8.857384681701717, 41.727195739746094 8.863424301147518, 41.7341766357423 8.863194465637264, 41.74441528320318 8.862844467163143, 41.75299453735346 8.842444419860897, 41.754405975341854 8.816604614257756, 41.76324462890625 8.801224708557129, 41.78667449951172 8.80267429351818, 41.80948638916027 8.811884880066032, 41.81379699707031 8.814644813537654, 41.82471466064459 8.821614265441951, 41.84674453735357 8.820314407348633, 41.86223602294922 8.804664611816406, 41.86711502075195 8.782004356384334, 41.868125915527344 8.764863967895565, 41.86843490600586 8.746124267578182, 41.868736267089844 8.724864006042537, 41.87961578369146 8.706503868103141, 41.90307617187506 8.713434219360465, 41.909244537353516 8.7398939132691, 41.918125152588004 8.75948429107666, 41.932395935058594 8.764413833618164, 41.94909667968756 8.75744438171381, 41.960937500000114 8.746164321899471, 41.99132537841797 8.717583656311092, 41.995037078857365 8.713514328003043, 42.00301742553722 8.70854377746582, 42.00957489013683 8.704713821411133, 42.02433776855469 8.693043708801326, 42.02729797363287 8.685334205627498, 42.03167724609381 8.672674179077205, 42.04098510742193 8.656164169311467, 42.05030441284191 8.639424324035701, 42.05674743652344 8.613163948059196, 42.06998443603521 8.583073616027775, 42.088405609130916 8.548664093017635, 42.09774780273432 8.518988609314079, 42.069725036621094 8.493973731994629, 42.04130554199219 8.44746398925787, 42.02600479125982 8.425834655761719, 42.02705383300787 8.323024749755916, 42.00878906250006 8.294749259948787, 41.96260452270502 8.223604202270565, 41.94840621948248 8.200894355773926, 41.93747329711914 8.143574714660758, 41.929813385009766 8.101394653320312, 41.92634582519537 8.080564498901367, 41.92544555664068 8.039745330810604, 41.922164916992244 7.978105068206787, 41.91888427734375 7.935925006866512, 41.917133331298885 7.912875175476131, 41.915164947509766 7.88334512710577, 41.91302490234381 7.853815078735465, 41.91240310668957 7.8443951606751625, 41.9571418762207 7.774785041809082, 41.94249343872076 7.727465152740592, 41.92946243286133 7.697015285492, 41.90480422973644 7.635925292968864, 41.88835144042969 7.591125488281364, 41.87807083129894 7.562615394592285, 41.86779403686535 7.538175582885799, 41.86710357666027 7.532775402069149, 41.864833831787166 7.5149455070495605, 41.84297180175781 7.516055583953914, 41.84182357788097 7.533915519714412, 41.836071014404354 7.550445556640682, 41.81801223754894 7.55386590957653, 41.796493530273494 7.556175708770752, 41.780361175537166 7.567575931549129, 41.762062072753906 7.5892958641052815, 41.74153137207037 7.597775936126766, 41.72355270385748 7.608285903930721, 41.706840515136776 7.610775947570801, 41.70124053955078 7.621135711670036, 41.700653076171875 7.628915786743278, 41.695461273193416 7.635615825653076, 41.67625045776373 7.639736175537109, 41.67412185668951 7.65279579162592, 41.67705154418957 7.667635917663631, 41.65356063842785 7.677755832672233, 41.64834213256836 7.700466156005916, 41.651653289795036 7.708206176757926, 41.63931274414068 7.712476253509465, 41.624271392822266 7.720206260681266, 41.606750488281364 7.732316017150822, 41.594272613525504 7.7452850341796875, 41.61975479125982 7.761516571045036, 41.65034103393566 7.783362865447998, 41.66126251220709 7.779539585113582, 41.67436981201172 7.771347045898551, 41.685295104980526 7.791008949279899, 41.69403457641613 7.789370536804313, 41.70605087280285 7.798655033111572, 41.71533584594732 7.808485984802303, 41.722434997558594 7.822686195373649, 41.72625732421875 7.84070968627924, 41.72734832763672 7.86583328247076, 41.72833633422863 7.887362480163631, 41.73659896850586 7.919233798980827, 41.736007690429744 7.935169219970703, 41.73542022705084 7.971762180328369, 41.736007690429744 7.988287925720215, 41.746044158935604 8.024880409240836, 41.756668090820426 8.050259590148983, 41.75902938842779 8.103378295898494, 41.76316070556652 8.119314193725643, 41.774963378906364 8.141741752624512, 41.77302551269537 8.165437698364371, 41.7547721862793 8.184994697570914, 41.74890518188482 8.194772720336971, 41.74043273925787 8.198031425476131, 41.727394104003906 8.207809448242188, 41.727394104003906 8.21498012542736, 41.72152709960943 8.22736644744873, 41.717617034912166 8.249529838562069, 41.717617034912166 8.254744529724121, 41.731956481933594 8.290597915649528, 41.73684692382824 8.300701141357479, 41.742389678955135 8.312108993530273, 41.7462997436524 8.323190689087028, 41.7462997436524 8.331665039062557, 41.75347137451166 8.343399047851506, 41.759338378906364 8.361651420593262, 41.754123687744254 8.381207466125545, 41.759338378906364 8.415104866027832, 41.7547721862793 8.43205356597906, 41.75607681274414 8.44378662109375, 41.75672912597656 8.460083961486873, 41.75607681274414 8.478987693786564, 41.76153564453125 8.492730140686149, 41.75604629516596 8.503705978393668, 41.74977493286133 8.530362129211483, 41.74742507934582 8.549179077148551, 41.74742507934582 8.560938835144043, 41.73723220825201 8.57505130767828, 41.73566436767584 8.588378906250057, 41.72860717773443 8.600923538208121, 41.72860717773443 8.607194900512809, 41.73487854003912 8.62679576873785, 41.73096084594732 8.639339447021484, 41.72547149658203 8.662859916687069, 41.715278625488395 8.680108070373535, 41.719200134277344 8.686380386352482, 41.7066535949707 8.724012374878043, 41.709793090820256 8.73028469085699, 41.70743942260742 8.75145244598383, 41.70900726318371 8.789084434509391, 41.70587158203131 8.8039808273316, 41.703517913818416 8.818877220153752, 41.70652770996105 8.841138839721793)))",Oromiya,East Hararge,41018,18,Meyu,9.3112,42.8837
"MULTIPOLYGON (((42.23966598510748 8.639883041381893, 42.23267745971691 8.635033607483024, 42.21561813354498 8.611203193664608, 42.09774780273432 8.518988609314079, 42.088405609130916 8.548664093017635, 42.06998443603521 8.583073616027775, 42.05674743652344 8.613163948059196, 42.05030441284191 8.639424324035701, 42.04098510742193 8.656164169311467, 42.03167724609381 8.672674179077205, 42.02729797363287 8.685334205627498, 42.02433776855469 8.693043708801326, 42.018035888671875 8.729133605957031, 42.017745971679744 8.763593673706055, 42.01349639892578 8.798453330993766, 42.010837554931754 8.836584091186467, 42.01252746582031 8.879393577575684, 42.01305007934576 8.888423919677678, 42.077182769775504 8.888423919677678, 42.11291503906256 8.862313270568904, 42.14589691162115 8.844448089599666, 42.17612838745123 8.85131931304943, 42.192619323730526 8.849945068359489, 42.23659515380854 8.833454132080192, 42.266826629638615 8.826582908630428, 42.28331756591808 8.82520866394043, 42.29792785644537 8.821396827697697, 42.287029266357536 8.77707290649414, 42.27528762817383 8.737373352050838, 42.26732635498047 8.709982872009277, 42.25754547119152 8.680482864379826, 42.24653625488281 8.655583381652832, 42.23966598510748 8.639883041381893)))",Oromiya,East Hararge,41014,14,Midega Tola,9.3583,42.1122
"MULTIPOLYGON (((42.10870742797846 9.36412239074707, 42.11422729492193 9.37251281738287, 42.12915039062506 9.388672828674316, 42.14661788940441 9.38751220703125, 42.157470703125 9.376322746276855, 42.16857910156256 9.36283206939703, 42.18743896484375 9.361682891845703, 42.20478057861328 9.370232582092342, 42.221878051757926 9.379472732544059, 42.23807907104492 9.384942054748592, 42.252998352050724 9.383802413940373, 42.261268615722656 9.37351226806652, 42.266139984130916 9.365982055664062, 42.27031326293945 9.361664772033748, 42.26461029052746 9.349052429199276, 42.2585182189942 9.334412574768123, 42.264968872070426 9.321322441101188, 42.2660484313966 9.309772491455078, 42.259910583496094 9.29883193969738, 42.25030899047857 9.285531997680664, 42.24934768676758 9.27003192901617, 42.25365066528332 9.261532783508244, 42.256328582763786 9.252552032470703, 42.262260437011776 9.243622779846248, 42.268718719482536 9.229602813720817, 42.272037506103516 9.215667724609375, 42.26471710205084 9.197887420654354, 42.25944900512695 9.19227218627924, 42.252910614013615 9.189702033996639, 42.2460289001466 9.187002182006836, 42.233718872070426 9.185912132263184, 42.220787048339844 9.196372985839787, 42.208488464355526 9.211932182312012, 42.19746017456055 9.21987247467041, 42.18214797973627 9.21689224243164, 42.16571807861334 9.21042251586914, 42.14855957031256 9.206262588501033, 42.13726806640625 9.215823173523006, 42.127349853515625 9.226552963256893, 42.120616912841854 9.22844314575201, 42.11240768432623 9.230742454528809, 42.09084701538086 9.2251234054566, 42.073688507080135 9.220963478088493, 42.06133270263672 9.226459503173828, 42.0597381591798 9.237652778625602, 42.058879852295036 9.249432563781795, 42.06050872802746 9.26587295532238, 42.06467819213867 9.284893035888729, 42.07046890258795 9.303942680358944, 42.085258483886776 9.329113006591854, 42.099628448486385 9.350352287292424, 42.10870742797846 9.36412239074707)))",Harari,Harar,130101,1,Harar,9.249,42.188
"MULTIPOLYGON (((41.9261474609375 9.668060302734318, 41.9358482360841 9.663463592529354, 41.95233917236334 9.654672622680721, 41.95819091796875 9.651552200317383, 41.96609878540039 9.647336006164664, 41.969188690185604 9.636947631836051, 41.96217346191406 9.627237319946403, 41.955467224121094 9.623775482177734, 41.94826126098644 9.617970466613883, 41.948726654052734 9.606301307678223, 41.9477653503418 9.598791122436523, 41.94707107543951 9.587856292724553, 41.94355392456055 9.574270248413143, 41.92662811279308 9.574671745300236, 41.91446304321295 9.57768535614025, 41.90229415893566 9.576619148254338, 41.895790100097656 9.582637786865291, 41.887767791748104 9.592599868774414, 41.88494873046875 9.604483604431266, 41.88278198242182 9.61452579498291, 41.86960601806652 9.611889839172477, 41.864994049072266 9.614243507385368, 41.86416625976568 9.622946739196834, 41.858341217041016 9.631567001342717, 41.85518264770519 9.638109207153434, 41.85696029663086 9.644459724426326, 41.861389160156364 9.651662826538086, 41.86673355102539 9.661383628845215, 41.87325286865229 9.664982795715332, 41.878566741943416 9.666686058044377, 41.885894775390625 9.668180465698356, 41.89265823364258 9.668842315673885, 41.89913940429699 9.667275428772086, 41.907814025878906 9.666728019714412, 41.91370010375982 9.666410446167049, 41.919292449951286 9.666718482971305, 41.9261474609375 9.668060302734318)))",Dire Dawa,Dire Dawa,150101,1,Dire Dawa,9.654,41.924
